ProductKey;ProductCode;ProductName;ProductSubcategoryKey;ProductSubcategoryName;ProductCategoryKey;ProductCategoryName
1;AR-5381;Adjustable Race;8;Cranksets;2;Components
2;BA-8327;Bearing Ball;8;Cranksets;2;Components
3;BE-2349;BB Ball Bearing;8;Cranksets;2;Components
4;BE-2908;Headset Ball Bearings;8;Cranksets;2;Components
5;BL-2036;Blade;8;Cranksets;2;Components
6;CA-5965;LL Crankarm;8;Cranksets;2;Components
7;CA-6738;ML Crankarm;8;Cranksets;2;Components
8;CA-7457;HL Crankarm;8;Cranksets;2;Components
9;CB-2903;Chainring Bolts;8;Cranksets;2;Components
10;CN-6137;Chainring Nut;8;Cranksets;2;Components
11;CR-7833;Chainring;8;Cranksets;2;Components
12;CR-9981;Crown Race;8;Cranksets;2;Components
13;CS-2812;Chain Stays;8;Cranksets;2;Components
14;DC-8732;Decal 1;8;Cranksets;2;Components
15;DC-9824;Decal 2;8;Cranksets;2;Components
16;DT-2377;Down Tube;8;Cranksets;2;Components
17;EC-M092;Mountain End Caps;8;Cranksets;2;Components
18;EC-R098;Road End Caps;8;Cranksets;2;Components
19;EC-T209;Touring End Caps;8;Cranksets;2;Components
20;FE-3760;Fork End;8;Cranksets;2;Components
21;FH-2981;Freewheel;8;Cranksets;2;Components
22;FW-1000;Flat Washer 1;8;Cranksets;2;Components
23;FW-1200;Flat Washer 6;8;Cranksets;2;Components
24;FW-1400;Flat Washer 2;8;Cranksets;2;Components
25;FW-3400;Flat Washer 9;8;Cranksets;2;Components
26;FW-3800;Flat Washer 4;8;Cranksets;2;Components
27;FW-5160;Flat Washer 3;8;Cranksets;2;Components
28;FW-5800;Flat Washer 8;8;Cranksets;2;Components
29;FW-7160;Flat Washer 5;8;Cranksets;2;Components
30;FW-9160;Flat Washer 7;8;Cranksets;2;Components
31;FC-3654;Fork Crown;8;Cranksets;2;Components
32;FC-3982;Front Derailleur Cage;8;Cranksets;2;Components
33;FL-2301;Front Derailleur Linkage;8;Cranksets;2;Components
34;GP-0982;Guide Pulley;8;Cranksets;2;Components
35;GT-0820;LL Grip Tape;8;Cranksets;2;Components
36;GT-1209;ML Grip Tape;8;Cranksets;2;Components
37;GT-2908;HL Grip Tape;8;Cranksets;2;Components
38;HJ-1213;Thin-Jam Hex Nut 9;8;Cranksets;2;Components
39;HJ-1220;Thin-Jam Hex Nut 10;8;Cranksets;2;Components
40;HJ-1420;Thin-Jam Hex Nut 1;8;Cranksets;2;Components
41;HJ-1428;Thin-Jam Hex Nut 2;8;Cranksets;2;Components
42;HJ-3410;Thin-Jam Hex Nut 15;8;Cranksets;2;Components
43;HJ-3416;Thin-Jam Hex Nut 16;8;Cranksets;2;Components
44;HJ-3816;Thin-Jam Hex Nut 5;8;Cranksets;2;Components
45;HJ-3824;Thin-Jam Hex Nut 6;8;Cranksets;2;Components
46;HJ-5161;Thin-Jam Hex Nut 3;8;Cranksets;2;Components
47;HJ-5162;Thin-Jam Hex Nut 4;8;Cranksets;2;Components
48;HJ-5811;Thin-Jam Hex Nut 13;8;Cranksets;2;Components
49;HJ-5818;Thin-Jam Hex Nut 14;8;Cranksets;2;Components
50;HJ-7161;Thin-Jam Hex Nut 7;8;Cranksets;2;Components
51;HJ-7162;Thin-Jam Hex Nut 8;8;Cranksets;2;Components
52;HJ-9080;Thin-Jam Hex Nut 12;8;Cranksets;2;Components
53;HJ-9161;Thin-Jam Hex Nut 11;8;Cranksets;2;Components
54;HN-1024;Hex Nut 5;8;Cranksets;2;Components
55;HN-1032;Hex Nut 6;8;Cranksets;2;Components
56;HN-1213;Hex Nut 16;8;Cranksets;2;Components
57;HN-1220;Hex Nut 17;8;Cranksets;2;Components
58;HN-1224;Hex Nut 7;8;Cranksets;2;Components
59;HN-1420;Hex Nut 8;8;Cranksets;2;Components
60;HN-1428;Hex Nut 9;8;Cranksets;2;Components
61;HN-3410;Hex Nut 22;8;Cranksets;2;Components
62;HN-3416;Hex Nut 23;8;Cranksets;2;Components
63;HN-3816;Hex Nut 12;8;Cranksets;2;Components
64;HN-3824;Hex Nut 13;8;Cranksets;2;Components
65;HN-4402;Hex Nut 1;8;Cranksets;2;Components
66;HN-5161;Hex Nut 10;8;Cranksets;2;Components
67;HN-5162;Hex Nut 11;8;Cranksets;2;Components
68;HN-5400;Hex Nut 2;8;Cranksets;2;Components
69;HN-5811;Hex Nut 20;8;Cranksets;2;Components
70;HN-5818;Hex Nut 21;8;Cranksets;2;Components
71;HN-6320;Hex Nut 3;8;Cranksets;2;Components
72;HN-7161;Hex Nut 14;8;Cranksets;2;Components
73;HN-7162;Hex Nut 15;8;Cranksets;2;Components
74;HN-8320;Hex Nut 4;8;Cranksets;2;Components
75;HN-9161;Hex Nut 18;8;Cranksets;2;Components
76;HN-9168;Hex Nut 19;8;Cranksets;2;Components
77;HT-2981;Handlebar Tube;8;Cranksets;2;Components
78;HT-8019;Head Tube;8;Cranksets;2;Components
79;HU-6280;LL Hub;8;Cranksets;2;Components
80;HU-8998;HL Hub;8;Cranksets;2;Components
81;KW-4091;Keyed Washer;8;Cranksets;2;Components
82;LE-1000;External Lock Washer 3;8;Cranksets;2;Components
83;LE-1200;External Lock Washer 4;8;Cranksets;2;Components
84;LE-1201;External Lock Washer 9;8;Cranksets;2;Components
85;LE-1400;External Lock Washer 5;8;Cranksets;2;Components
86;LE-3800;External Lock Washer 7;8;Cranksets;2;Components
87;LE-5160;External Lock Washer 6;8;Cranksets;2;Components
88;LE-6000;External Lock Washer 1;8;Cranksets;2;Components
89;LE-7160;External Lock Washer 8;8;Cranksets;2;Components
90;LE-8000;External Lock Washer 2;8;Cranksets;2;Components
91;LI-1000;Internal Lock Washer 3;8;Cranksets;2;Components
92;LI-1200;Internal Lock Washer 4;8;Cranksets;2;Components
93;LI-1201;Internal Lock Washer 9;8;Cranksets;2;Components
94;LI-1400;Internal Lock Washer 5;8;Cranksets;2;Components
95;LI-3800;Internal Lock Washer 7;8;Cranksets;2;Components
96;LI-5160;Internal Lock Washer 6;8;Cranksets;2;Components
97;LI-5800;Internal Lock Washer 10;8;Cranksets;2;Components
98;LI-6000;Internal Lock Washer 1;8;Cranksets;2;Components
99;LI-7160;Internal Lock Washer 8;8;Cranksets;2;Components
100;LI-8000;Internal Lock Washer 2;8;Cranksets;2;Components
101;LJ-1213;Thin-Jam Lock Nut 9;8;Cranksets;2;Components
102;LJ-1220;Thin-Jam Lock Nut 10;8;Cranksets;2;Components
103;LJ-1420;Thin-Jam Lock Nut 1;8;Cranksets;2;Components
104;LJ-1428;Thin-Jam Lock Nut 2;8;Cranksets;2;Components
105;LJ-3410;Thin-Jam Lock Nut 15;8;Cranksets;2;Components
106;LJ-3416;Thin-Jam Lock Nut 16;8;Cranksets;2;Components
107;LJ-3816;Thin-Jam Lock Nut 5;8;Cranksets;2;Components
108;LJ-3824;Thin-Jam Lock Nut 6;8;Cranksets;2;Components
109;LJ-5161;Thin-Jam Lock Nut 3;8;Cranksets;2;Components
110;LJ-5162;Thin-Jam Lock Nut 4;8;Cranksets;2;Components
111;LJ-5811;Thin-Jam Lock Nut 13;8;Cranksets;2;Components
112;LJ-5818;Thin-Jam Lock Nut 14;8;Cranksets;2;Components
113;LJ-7161;Thin-Jam Lock Nut 7;8;Cranksets;2;Components
114;LJ-7162;Thin-Jam Lock Nut 8;8;Cranksets;2;Components
115;LJ-9080;Thin-Jam Lock Nut 12;8;Cranksets;2;Components
116;LJ-9161;Thin-Jam Lock Nut 11;8;Cranksets;2;Components
117;LN-1024;Lock Nut 5;8;Cranksets;2;Components
118;LN-1032;Lock Nut 6;8;Cranksets;2;Components
119;LN-1213;Lock Nut 16;8;Cranksets;2;Components
120;LN-1220;Lock Nut 17;8;Cranksets;2;Components
121;LN-1224;Lock Nut 7;8;Cranksets;2;Components
122;LN-1420;Lock Nut 8;8;Cranksets;2;Components
123;LN-1428;Lock Nut 9;8;Cranksets;2;Components
124;LN-3410;Lock Nut 22;8;Cranksets;2;Components
125;LN-3416;Lock Nut 23;8;Cranksets;2;Components
126;LN-3816;Lock Nut 12;8;Cranksets;2;Components
127;LN-3824;Lock Nut 13;8;Cranksets;2;Components
128;LN-4400;Lock Nut 1;8;Cranksets;2;Components
129;LN-5161;Lock Nut 10;8;Cranksets;2;Components
130;LN-5162;Lock Nut 11;8;Cranksets;2;Components
131;LN-5400;Lock Nut 2;8;Cranksets;2;Components
132;LN-5811;Lock Nut 20;8;Cranksets;2;Components
133;LN-5818;Lock Nut 21;8;Cranksets;2;Components
134;LN-6320;Lock Nut 3;8;Cranksets;2;Components
135;LN-7161;Lock Nut 14;8;Cranksets;2;Components
136;LN-7162;Lock Nut 15;8;Cranksets;2;Components
137;LN-8320;Lock Nut 4;8;Cranksets;2;Components
138;LN-9080;Lock Nut 19;8;Cranksets;2;Components
139;LN-9161;Lock Nut 18;8;Cranksets;2;Components
140;LR-2398;Lock Ring;8;Cranksets;2;Components
141;LR-8520;Lower Head Race;8;Cranksets;2;Components
142;LW-1000;Lock Washer 4;8;Cranksets;2;Components
143;LW-1200;Lock Washer 5;8;Cranksets;2;Components
144;LW-1201;Lock Washer 10;8;Cranksets;2;Components
145;LW-1400;Lock Washer 6;8;Cranksets;2;Components
146;LW-3400;Lock Washer 13;8;Cranksets;2;Components
147;LW-3800;Lock Washer 8;8;Cranksets;2;Components
148;LW-4000;Lock Washer 1;8;Cranksets;2;Components
149;LW-5160;Lock Washer 7;8;Cranksets;2;Components
150;LW-5800;Lock Washer 12;8;Cranksets;2;Components
151;LW-6000;Lock Washer 2;8;Cranksets;2;Components
152;LW-7160;Lock Washer 9;8;Cranksets;2;Components
153;LW-8000;Lock Washer 3;8;Cranksets;2;Components
154;LW-9160;Lock Washer 11;8;Cranksets;2;Components
155;MA-7075;Metal Angle;8;Cranksets;2;Components
156;MB-2024;Metal Bar 1;8;Cranksets;2;Components
157;MB-6061;Metal Bar 2;8;Cranksets;2;Components
158;MP-2066;Metal Plate 2;8;Cranksets;2;Components
159;MP-2503;Metal Plate 1;8;Cranksets;2;Components
160;MP-4960;Metal Plate 3;8;Cranksets;2;Components
161;MS-0253;Metal Sheet 2;8;Cranksets;2;Components
162;MS-1256;Metal Sheet 3;8;Cranksets;2;Components
163;MS-1981;Metal Sheet 7;8;Cranksets;2;Components
164;MS-2259;Metal Sheet 4;8;Cranksets;2;Components
165;MS-2341;Metal Sheet 5;8;Cranksets;2;Components
166;MS-2348;Metal Sheet 6;8;Cranksets;2;Components
167;MS-6061;Metal Sheet 1;8;Cranksets;2;Components
168;MT-1000;Metal Tread Plate;8;Cranksets;2;Components
169;NI-4127;LL Nipple;8;Cranksets;2;Components
170;NI-9522;HL Nipple;8;Cranksets;2;Components
171;PA-187B;Paint - Black;8;Cranksets;2;Components
172;PA-361R;Paint - Red;8;Cranksets;2;Components
173;PA-529S;Paint - Silver;8;Cranksets;2;Components
174;PA-632U;Paint - Blue;8;Cranksets;2;Components
175;PA-823Y;Paint - Yellow;8;Cranksets;2;Components
176;PB-6109;Pinch Bolt;8;Cranksets;2;Components
177;RA-2345;Cup-Shaped Race;8;Cranksets;2;Components
178;RA-7490;Cone-Shaped Race;8;Cranksets;2;Components
179;RF-9198;Reflector;8;Cranksets;2;Components
180;RM-M464;LL Mountain Rim;8;Cranksets;2;Components
181;RM-M692;ML Mountain Rim;8;Cranksets;2;Components
182;RM-M823;HL Mountain Rim;8;Cranksets;2;Components
183;RM-R436;LL Road Rim;8;Cranksets;2;Components
184;RM-R600;ML Road Rim;8;Cranksets;2;Components
185;RM-R800;HL Road Rim;8;Cranksets;2;Components
186;RM-T801;Touring Rim;8;Cranksets;2;Components
187;SA-M198;LL Mountain Seat Assembly;8;Cranksets;2;Components
188;SA-M237;ML Mountain Seat Assembly;8;Cranksets;2;Components
189;SA-M687;HL Mountain Seat Assembly;8;Cranksets;2;Components
190;SA-R127;LL Road Seat Assembly;8;Cranksets;2;Components
191;SA-R430;ML Road Seat Assembly;8;Cranksets;2;Components
192;SA-R522;HL Road Seat Assembly;8;Cranksets;2;Components
193;SA-T467;LL Touring Seat Assembly;8;Cranksets;2;Components
194;SA-T612;ML Touring Seat Assembly;8;Cranksets;2;Components
195;SA-T872;HL Touring Seat Assembly;8;Cranksets;2;Components
196;SD-2342;LL Spindle/Axle;8;Cranksets;2;Components
197;SD-9872;HL Spindle/Axle;8;Cranksets;2;Components
198;SH-4562;LL Shell;8;Cranksets;2;Components
199;SH-9312;HL Shell;8;Cranksets;2;Components
200;SK-9283;Spokes;8;Cranksets;2;Components
201;SL-0931;Seat Lug;8;Cranksets;2;Components
202;SM-9087;Stem;8;Cranksets;2;Components
203;SP-2981;Seat Post;8;Cranksets;2;Components
204;SR-2098;Steerer;8;Cranksets;2;Components
205;SS-2985;Seat Stays;8;Cranksets;2;Components
206;ST-9828;Seat Tube;8;Cranksets;2;Components
207;TO-2301;Top Tube;8;Cranksets;2;Components
208;TP-0923;Tension Pulley;8;Cranksets;2;Components
209;RC-0291;Rear Derailleur Cage;8;Cranksets;2;Components
210;FR-R92B-58;HL Road Frame - Black, 58;14;Road Frames;2;Components
211;FR-R92R-32;HL Road Frame - Red, 32;14;Road Frames;2;Components
212;HL-U509-RS;Sport-100 Helmet, Red, S;31;Helmets;4;Accessories
213;HL-U509-RM;Sport-100 Helmet, Red, M;31;Helmets;4;Accessories
214;HL-U509-RL;Sport-100 Helmet, Red, L;31;Helmets;4;Accessories
215;HL-U509-BS;Sport-100 Helmet, Black;31;Helmets;4;Accessories
216;HL-U509-BM;Sport-100 Helmet, Black, M;31;Helmets;4;Accessories
217;HL-U509-BL;Sport-100 Helmet, Black, L;31;Helmets;4;Accessories
218;SO-B909-M;Mountain Bike Socks, M;23;Socks;3;Clothing
219;SO-B909-L;Mountain Bike Socks, L;23;Socks;3;Clothing
220;HL-U509-YS;Sport-100 Helmet, Yellow, S;31;Helmets;4;Accessories
221;HL-U509-YM;Sport-100 Helmet, Yellow, M;31;Helmets;4;Accessories
222;HL-U509-YL;Sport-100 Helmet, Yellow, L;31;Helmets;4;Accessories
223;CA-1097-R;AWC Logo Cap, Red;19;Caps;3;Clothing
224;CA-1098-B;AWC Logo Cap, Blue;19;Caps;3;Clothing
225;CA-1099-O;AWC Logo Cap, Orange;19;Caps;3;Clothing
304;FR-M94B-34;HL Mountain Frame - Black, 34;12;Mountain Frames;2;Components
305;FR-M94B-36;HL Mountain Frame - Black, 36;12;Mountain Frames;2;Components
306;FR-M94B-38;HL Mountain Frame - Black, 38;12;Mountain Frames;2;Components
296;FR-M94B-40;HL Mountain Frame - Black, 40;12;Mountain Frames;2;Components
297;FR-M94B-42;HL Mountain Frame - Black, 42;12;Mountain Frames;2;Components
298;FR-M94B-44;HL Mountain Frame - Black, 44;12;Mountain Frames;2;Components
301;FR-M94B-46;HL Mountain Frame - Black, 46;12;Mountain Frames;2;Components
299;FR-M94B-48;HL Mountain Frame - Black, 48;12;Mountain Frames;2;Components
303;FR-M94B-50;HL Mountain Frame - Black, 50;12;Mountain Frames;2;Components
288;FR-M94S-36;HL Mountain Frame - Silver, 36;12;Mountain Frames;2;Components
289;FR-M94S-38;HL Mountain Frame - Silver, 38;12;Mountain Frames;2;Components
290;FR-M94S-40;HL Mountain Frame - Silver, 40;12;Mountain Frames;2;Components
293;FR-M94S-42;HL Mountain Frame - Silver, 42;12;Mountain Frames;2;Components
302;FR-M94B-52;HL Mountain Frame - Black, 52;12;Mountain Frames;2;Components
295;FR-M94S-44;HL Mountain Frame - Silver, 44;12;Mountain Frames;2;Components
300;FR-M94B-54;HL Mountain Frame - Black, 54;12;Mountain Frames;2;Components
309;FR-M94S-46;HL Mountain Frame - Silver, 46;12;Mountain Frames;2;Components
307;FR-M94S-48;HL Mountain Frame - Silver, 48;12;Mountain Frames;2;Components
294;FR-M94S-50;HL Mountain Frame - Silver, 50;12;Mountain Frames;2;Components
291;FR-M94S-52;HL Mountain Frame - Silver, 52;12;Mountain Frames;2;Components
308;FR-M94S-54;HL Mountain Frame - Silver, 54;12;Mountain Frames;2;Components
292;FR-M94S-56;HL Mountain Frame - Silver, 56;12;Mountain Frames;2;Components
279;FR-R38B-32;LL Road Frame - Black, 32;14;Road Frames;2;Components
280;FR-R38B-34;LL Road Frame - Black, 34;14;Road Frames;2;Components
281;FR-R38B-36;LL Road Frame - Black, 36;14;Road Frames;2;Components
282;FR-R38B-38;LL Road Frame - Black, 38;14;Road Frames;2;Components
283;FR-R38B-40;LL Road Frame - Black, 40;14;Road Frames;2;Components
284;FR-R38B-42;LL Road Frame - Black, 42;14;Road Frames;2;Components
285;FR-R38B-44;LL Road Frame - Black, 44;14;Road Frames;2;Components
286;FR-R38B-46;LL Road Frame - Black, 46;14;Road Frames;2;Components
287;FR-R38B-48;LL Road Frame - Black, 48;14;Road Frames;2;Components
253;FR-R38B-50;LL Road Frame - Black, 50;14;Road Frames;2;Components
254;FR-R38B-52;LL Road Frame - Black, 52;14;Road Frames;2;Components
255;FR-R38B-54;LL Road Frame - Black, 54;14;Road Frames;2;Components
256;FR-R38B-56;LL Road Frame - Black, 56;14;Road Frames;2;Components
257;FR-R38B-58;LL Road Frame - Black, 58;14;Road Frames;2;Components
258;FR-R38B-60;LL Road Frame - Black, 60;14;Road Frames;2;Components
259;FR-R38B-62;LL Road Frame - Black, 62;14;Road Frames;2;Components
260;FR-R38B-64;LL Road Frame - Black, 64;14;Road Frames;2;Components
261;FR-R38B-66;LL Road Frame - Black, 66;14;Road Frames;2;Components
262;FR-R38R-40;LL Road Frame - Red, 40;14;Road Frames;2;Components
263;FR-R38R-42;LL Road Frame - Red, 42;14;Road Frames;2;Components
264;FR-R38R-44;LL Road Frame - Red, 44;14;Road Frames;2;Components
265;FR-R38R-46;LL Road Frame - Red, 46;14;Road Frames;2;Components
266;FR-R38R-48;LL Road Frame - Red, 48;14;Road Frames;2;Components
267;FR-R38R-50;LL Road Frame - Red, 50;14;Road Frames;2;Components
268;FR-R38R-52;LL Road Frame - Red, 52;14;Road Frames;2;Components
269;FR-R38R-54;LL Road Frame - Red, 54;14;Road Frames;2;Components
274;FR-R72R-44;ML Road Frame - Red, 44;14;Road Frames;2;Components
275;FR-R72R-48;ML Road Frame - Red, 48;14;Road Frames;2;Components
276;FR-R72R-52;ML Road Frame - Red, 52;14;Road Frames;2;Components
277;FR-R72R-58;ML Road Frame - Red, 58;14;Road Frames;2;Components
278;FR-R72R-60;ML Road Frame - Red, 60;14;Road Frames;2;Components
270;FR-R38R-56;LL Road Frame - Red, 56;14;Road Frames;2;Components
271;FR-R38R-58;LL Road Frame - Red, 58;14;Road Frames;2;Components
272;FR-R38R-60;LL Road Frame - Red, 60;14;Road Frames;2;Components
273;FR-R38R-62;LL Road Frame - Red, 62;14;Road Frames;2;Components
241;FR-R92R-34;HL Road Frame - Red, 34;14;Road Frames;2;Components
242;FR-R92R-36;HL Road Frame - Red, 36;14;Road Frames;2;Components
243;FR-R92R-38;HL Road Frame - Red, 38;14;Road Frames;2;Components
244;FR-R92R-40;HL Road Frame - Red, 40;14;Road Frames;2;Components
245;FR-R92R-42;HL Road Frame - Red, 42;14;Road Frames;2;Components
246;FR-R92R-44;HL Road Frame - Red, 44;14;Road Frames;2;Components
247;FR-R92R-46;HL Road Frame - Red, 46;14;Road Frames;2;Components
248;FR-R92R-48;HL Road Frame - Red, 48;14;Road Frames;2;Components
249;FR-R92R-50;HL Road Frame - Red, 50;14;Road Frames;2;Components
250;FR-R92R-52;HL Road Frame - Red, 52;14;Road Frames;2;Components
251;FR-R92R-54;HL Road Frame - Red, 54;14;Road Frames;2;Components
252;FR-R92R-56;HL Road Frame - Red, 56;14;Road Frames;2;Components
238;FR-R92R-58;HL Road Frame - Red, 58;14;Road Frames;2;Components
239;FR-R92R-60;HL Road Frame - Red, 60;14;Road Frames;2;Components
240;FR-R92R-62;HL Road Frame - Red, 62;14;Road Frames;2;Components
232;LJ-0192-RXS;Long-Sleeve Logo Jersey, Red, XS;21;Jerseys;3;Clothing
233;LJ-0192-RS;Long-Sleeve Logo Jersey, Red, S;21;Jerseys;3;Clothing
234;LJ-0192-RM;Long-Sleeve Logo Jersey, Red, M;21;Jerseys;3;Clothing
229;LJ-0192-RL;Long-Sleeve Logo Jersey, Red, L;21;Jerseys;3;Clothing
230;LJ-0192-RXL;Long-Sleeve Logo Jersey, Red, XL;21;Jerseys;3;Clothing
231;LJ-0192-RXXL;Long-Sleeve Logo Jersey, Red, XXL;21;Jerseys;3;Clothing
226;LJ-0192-BXS;Long-Sleeve Logo Jersey, Blue, XS;21;Jerseys;3;Clothing
227;LJ-0192-BS;Long-Sleeve Logo Jersey, Blue, S;21;Jerseys;3;Clothing
228;LJ-0192-BM;Long-Sleeve Logo Jersey, Blue, M;21;Jerseys;3;Clothing
235;LJ-0192-BL;Long-Sleeve Logo Jersey, Blue, L;21;Jerseys;3;Clothing
236;LJ-0192-BXL;Long-Sleeve Logo Jersey, Blue, XL;21;Jerseys;3;Clothing
237;LJ-0192-BXXL;Long-Sleeve Logo Jersey, Blue, XXL;21;Jerseys;3;Clothing
310;BK-R93R-62;Road-150 Red, 62;2;Road Bikes;1;Bikes
311;BK-R93R-44;Road-150 Red, 44;2;Road Bikes;1;Bikes
312;BK-R93R-48;Road-150 Red, 48;2;Road Bikes;1;Bikes
313;BK-R93R-52;Road-150 Red, 52;2;Road Bikes;1;Bikes
314;BK-R93R-56;Road-150 Red, 56;2;Road Bikes;1;Bikes
315;BK-R68R-58;Road-450 Red, 58;2;Road Bikes;1;Bikes
316;BK-R68R-60;Road-450 Red, 60;2;Road Bikes;1;Bikes
317;BK-R68R-44;Road-450 Red, 44;2;Road Bikes;1;Bikes
318;BK-R68R-48;Road-450 Red, 48;2;Road Bikes;1;Bikes
319;BK-R68R-52;Road-450 Red, 52;2;Road Bikes;1;Bikes
320;BK-R50R-54;Road-650 Red, 54;2;Road Bikes;1;Bikes
321;BK-R50R-56;Road-650 Red, 56;2;Road Bikes;1;Bikes
322;BK-R50R-58;Road-650 Red, 58;2;Road Bikes;1;Bikes
323;BK-R50R-60;Road-650 Red, 60;2;Road Bikes;1;Bikes
324;BK-R50R-62;Road-650 Red, 62;2;Road Bikes;1;Bikes
325;BK-R50R-64;Road-650 Red, 64;2;Road Bikes;1;Bikes
326;BK-R50R-42;Road-650 Red, 42;2;Road Bikes;1;Bikes
327;BK-R50R-44;Road-650 Red, 44;2;Road Bikes;1;Bikes
328;BK-R50R-46;Road-650 Red, 46;2;Road Bikes;1;Bikes
329;BK-R50R-48;Road-650 Red, 48;2;Road Bikes;1;Bikes
330;BK-R50R-50;Road-650 Red, 50;2;Road Bikes;1;Bikes
331;BK-R50R-52;Road-650 Red, 52;2;Road Bikes;1;Bikes
332;BK-R50B-52;Road-650 Black, 52;2;Road Bikes;1;Bikes
333;BK-R50B-54;Road-650 Black, 54;2;Road Bikes;1;Bikes
334;BK-R50B-56;Road-650 Black, 56;2;Road Bikes;1;Bikes
335;BK-R50B-58;Road-650 Black, 58;2;Road Bikes;1;Bikes
336;BK-R50B-60;Road-650 Black, 60;2;Road Bikes;1;Bikes
337;BK-R50B-62;Road-650 Black, 62;2;Road Bikes;1;Bikes
338;BK-R50B-40;Road-650 Black, 40;2;Road Bikes;1;Bikes
339;BK-R50B-42;Road-650 Black, 42;2;Road Bikes;1;Bikes
340;BK-R50B-44;Road-650 Black, 44;2;Road Bikes;1;Bikes
341;BK-R50B-46;Road-650 Black, 46;2;Road Bikes;1;Bikes
342;BK-R50B-48;Road-650 Black, 48;2;Road Bikes;1;Bikes
343;BK-R50B-50;Road-650 Black, 50;2;Road Bikes;1;Bikes
344;BK-M82S-38;Mountain-100 Silver, 38;1;Mountain Bikes;1;Bikes
345;BK-M82S-42;Mountain-100 Silver, 42;1;Mountain Bikes;1;Bikes
346;BK-M82S-44;Mountain-100 Silver, 44;1;Mountain Bikes;1;Bikes
347;BK-M82S-48;Mountain-100 Silver, 48;1;Mountain Bikes;1;Bikes
348;BK-M82B-38;Mountain-100 Black, 38;1;Mountain Bikes;1;Bikes
349;BK-M82B-42;Mountain-100 Black, 42;1;Mountain Bikes;1;Bikes
350;BK-M82B-44;Mountain-100 Black, 44;1;Mountain Bikes;1;Bikes
351;BK-M82B-48;Mountain-100 Black, 48;1;Mountain Bikes;1;Bikes
352;BK-M68S-30;Mountain-200 Silver, 30;1;Mountain Bikes;1;Bikes
353;BK-M68S-32;Mountain-200 Silver, 32;1;Mountain Bikes;1;Bikes
354;BK-M68S-34;Mountain-200 Silver, 34;1;Mountain Bikes;1;Bikes
355;BK-M68S-36;Mountain-200 Silver, 36;1;Mountain Bikes;1;Bikes
356;BK-M68S-38;Mountain-200 Silver, 38;1;Mountain Bikes;1;Bikes
357;BK-M68S-40;Mountain-200 Silver, 40;1;Mountain Bikes;1;Bikes
358;BK-M68B-42;Mountain-200 Black, 42;1;Mountain Bikes;1;Bikes
359;BK-M68B-44;Mountain-200 Black, 44;1;Mountain Bikes;1;Bikes
360;BK-M68B-46;Mountain-200 Black, 46;1;Mountain Bikes;1;Bikes
361;BK-M68B-48;Mountain-200 Black, 48;1;Mountain Bikes;1;Bikes
362;BK-M68B-50;Mountain-200 Black, 50;1;Mountain Bikes;1;Bikes
363;BK-M68B-52;Mountain-200 Black, 52;1;Mountain Bikes;1;Bikes
364;BK-M47B-38;Mountain-300 Black, 38;1;Mountain Bikes;1;Bikes
365;BK-M47B-40;Mountain-300 Black, 40;1;Mountain Bikes;1;Bikes
366;BK-M47B-44;Mountain-300 Black, 44;1;Mountain Bikes;1;Bikes
367;BK-M47B-48;Mountain-300 Black, 48;1;Mountain Bikes;1;Bikes
368;BK-R89R-44;Road-250 Red, 44;2;Road Bikes;1;Bikes
369;BK-R89R-48;Road-250 Red, 48;2;Road Bikes;1;Bikes
370;BK-R89R-52;Road-250 Red, 52;2;Road Bikes;1;Bikes
371;BK-R89R-56;Road-250 Red, 56;2;Road Bikes;1;Bikes
372;BK-R89R-58;Road-250 Red, 58;2;Road Bikes;1;Bikes
373;BK-R89B-44;Road-250 Black, 44;2;Road Bikes;1;Bikes
374;BK-R89B-46;Road-250 Black, 46;2;Road Bikes;1;Bikes
375;BK-R89B-48;Road-250 Black, 48;2;Road Bikes;1;Bikes
376;BK-R89B-50;Road-250 Black, 50;2;Road Bikes;1;Bikes
377;BK-R89B-52;Road-250 Black, 52;2;Road Bikes;1;Bikes
378;BK-R89B-54;Road-250 Black, 54;2;Road Bikes;1;Bikes
379;BK-R89B-56;Road-250 Black, 56;2;Road Bikes;1;Bikes
380;BK-R89B-58;Road-250 Black, 58;2;Road Bikes;1;Bikes
381;BK-R64Y-32;Road-550-W Yellow, 32;2;Road Bikes;1;Bikes
382;BK-R64Y-34;Road-550-W Yellow, 34;2;Road Bikes;1;Bikes
383;BK-R64Y-36;Road-550-W Yellow, 36;2;Road Bikes;1;Bikes
384;BK-R64Y-38;Road-550-W Yellow, 38;2;Road Bikes;1;Bikes
385;BK-R64Y-40;Road-550-W Yellow, 40;2;Road Bikes;1;Bikes
386;BK-R64Y-42;Road-550-W Yellow, 42;2;Road Bikes;1;Bikes
387;BK-R64Y-44;Road-550-W Yellow, 44;2;Road Bikes;1;Bikes
388;BK-R64Y-46;Road-550-W Yellow, 46;2;Road Bikes;1;Bikes
389;BK-R64Y-48;Road-550-W Yellow, 48;2;Road Bikes;1;Bikes
390;BK-R64Y-50;Road-550-W Yellow, 50;2;Road Bikes;1;Bikes
391;FK-1639;LL Fork;10;Forks;2;Components
392;FK-5136;ML Fork;10;Forks;2;Components
393;FK-9939;HL Fork;10;Forks;2;Components
394;HS-0296;LL Headset;11;Headsets;2;Components
395;HS-2451;ML Headset;11;Headsets;2;Components
396;HS-3479;HL Headset;11;Headsets;2;Components
397;HB-M243-38;LL Mountain Handlebars, 38;4;Handlebars;2;Components
398;HB-M244-40;LL Mountain Handlebars, 40;4;Handlebars;2;Components
399;HB-M763-42;ML Mountain Handlebars, 42;4;Handlebars;2;Components
400;HB-M764-44;ML Mountain Handlebars, 44;4;Handlebars;2;Components
401;HB-M918-46;HL Mountain Handlebars, 46;4;Handlebars;2;Components
402;HB-M919-48;HL Mountain Handlebars, 48;4;Handlebars;2;Components
403;HB-R504-40;LL Road Handlebars, 40;4;Handlebars;2;Components
404;HB-R505-42;LL Road Handlebars, 42;4;Handlebars;2;Components
405;HB-R720-44;ML Road Handlebars, 44;4;Handlebars;2;Components
406;HB-R721-46;ML Road Handlebars, 46;4;Handlebars;2;Components
407;HB-R956-48;HL Road Handlebars, 48;4;Handlebars;2;Components
408;HB-R957-50;HL Road Handlebars, 50;4;Handlebars;2;Components
409;FR-M63B-38;ML Mountain Frame - Black, 38;12;Mountain Frames;2;Components
410;FW-M423;LL Mountain Front Wheel;17;Wheels;2;Components
411;FW-M762;ML Mountain Front Wheel;17;Wheels;2;Components
412;FW-M928;HL Mountain Front Wheel;17;Wheels;2;Components
413;FW-R623;LL Road Front Wheel;17;Wheels;2;Components
414;FW-R762;ML Road Front Wheel;17;Wheels;2;Components
415;FW-R820;HL Road Front Wheel;17;Wheels;2;Components
416;FW-T905;Touring Front Wheel;17;Wheels;2;Components
417;FR-R72Y-38M;ML Road Frame-W - Yellow, 38M;14;Road Frames;2;Components
418;FR-R72Y-38L;ML Road Frame-W - Yellow, 38L;14;Road Frames;2;Components
419;RW-M423;LL Mountain Rear Wheel;17;Wheels;2;Components
420;RW-M762;ML Mountain Rear Wheel;17;Wheels;2;Components
421;RW-M928;HL Mountain Rear Wheel;17;Wheels;2;Components
422;RW-R623;LL Road Rear Wheel;17;Wheels;2;Components
423;RW-R762;ML Road Rear Wheel;17;Wheels;2;Components
424;RW-R820;HL Road Rear Wheel;17;Wheels;2;Components
425;RW-T905;Touring Rear Wheel;17;Wheels;2;Components
426;FR-M63B-40;ML Mountain Frame - Black, 40;12;Mountain Frames;2;Components
427;FR-M63B-44;ML Mountain Frame - Black, 44;12;Mountain Frames;2;Components
428;FR-M63B-48;ML Mountain Frame - Black, 48;12;Mountain Frames;2;Components
429;FR-R72Y-40M;ML Road Frame-W - Yellow, 40M;14;Road Frames;2;Components
430;FR-R72Y-40L;ML Road Frame-W - Yellow, 40L;14;Road Frames;2;Components
431;FR-R72Y-42M;ML Road Frame-W - Yellow, 42M;14;Road Frames;2;Components
432;FR-R72Y-42L;ML Road Frame-W - Yellow, 42L;14;Road Frames;2;Components
433;FR-R72Y-44M;ML Road Frame-W - Yellow, 44M;14;Road Frames;2;Components
434;FR-R72Y-44L;ML Road Frame-W - Yellow, 44L;14;Road Frames;2;Components
435;FR-R72Y-48M;ML Road Frame-W - Yellow, 48M;14;Road Frames;2;Components
436;FR-R72Y-48L;ML Road Frame-W - Yellow, 48L;14;Road Frames;2;Components
437;FR-R92B-62M;HL Road Frame - Black, 62M;14;Road Frames;2;Components
438;FR-R92B-62L;HL Road Frame - Black, 62L;14;Road Frames;2;Components
439;FR-R92B-44M;HL Road Frame - Black, 44M;14;Road Frames;2;Components
440;FR-R92B-44L;HL Road Frame - Black, 44L;14;Road Frames;2;Components
441;FR-R92B-48M;HL Road Frame - Black, 48M;14;Road Frames;2;Components
442;FR-R92B-48L;HL Road Frame - Black, 48L;14;Road Frames;2;Components
443;FR-R92B-52M;HL Road Frame - Black, 52M;14;Road Frames;2;Components
444;FR-R92B-52L;HL Road Frame - Black, 52L;14;Road Frames;2;Components
445;SH-M897-S;Men's Sports Shorts, S;22;Shorts;3;Clothing
446;PA-T100;Touring-Panniers, Large;35;Panniers;4;Accessories
447;LO-C100;Cable Lock;34;Locks;4;Accessories
448;PU-0452;Minipump;36;Pumps;4;Accessories
449;PU-M044;Mountain Pump;36;Pumps;4;Accessories
450;LT-T990;Taillights - Battery-Powered;33;Lights;4;Accessories
451;LT-H902;Headlights - Dual-Beam;33;Lights;4;Accessories
452;LT-H903;Headlights - Weatherproof;33;Lights;4;Accessories
453;SH-M897-M;Men's Sports Shorts, M;22;Shorts;3;Clothing
454;SH-M897-L;Men's Sports Shorts, L;22;Shorts;3;Clothing
455;SH-M897-X;Men's Sports Shorts, XL;22;Shorts;3;Clothing
456;TG-W091-S;Women's Tights, S;24;Tights;3;Clothing
457;TG-W091-M;Women's Tights, M;24;Tights;3;Clothing
458;TG-W091-L;Women's Tights, L;24;Tights;3;Clothing
459;SB-M891-S;Men's Bib-Shorts, S;18;Bib-Shorts;3;Clothing
460;SB-M891-M;Men's Bib-Shorts, M;18;Bib-Shorts;3;Clothing
461;SB-M891-L;Men's Bib-Shorts, L;18;Bib-Shorts;3;Clothing
462;GL-H102-XS;Half-Finger Gloves, XS;20;Gloves;3;Clothing
463;GL-H102-S;Half-Finger Gloves, S;20;Gloves;3;Clothing
464;GL-H102-M;Half-Finger Gloves, M;20;Gloves;3;Clothing
465;GL-H102-L;Half-Finger Gloves, L;20;Gloves;3;Clothing
466;GL-H102-XL;Half-Finger Gloves, XL;20;Gloves;3;Clothing
467;GL-H102-XXL;Half-Finger Gloves, XXL;20;Gloves;3;Clothing
468;GL-F110-S;Full-Finger Gloves, S;20;Gloves;3;Clothing
469;GL-F110-M;Full-Finger Gloves, M;20;Gloves;3;Clothing
470;GL-F110-L;Full-Finger Gloves, L;20;Gloves;3;Clothing
471;VE-C304-S;Classic Vest, S;25;Vests;3;Clothing
472;VE-C304-M;Classic Vest, M;25;Vests;3;Clothing
473;VE-C304-L;Classic Vest, L;25;Vests;3;Clothing
474;SH-W890-S;Women's Mountain Shorts, S;22;Shorts;3;Clothing
475;SH-W890-M;Women's Mountain Shorts, M;22;Shorts;3;Clothing
476;SH-W890-L;Women's Mountain Shorts, L;22;Shorts;3;Clothing
477;WB-H098;Water Bottle - 30 oz.;28;Bottles and Cages;4;Accessories
478;BC-M005;Mountain Bottle Cage;28;Bottles and Cages;4;Accessories
479;BC-R205;Road Bottle Cage;28;Bottles and Cages;4;Accessories
480;PK-7098;Patch Kit/8 Patches;37;Tires and Tubes;4;Accessories
481;SO-R809-M;Racing Socks, M;23;Socks;3;Clothing
482;SO-R809-L;Racing Socks, L;23;Socks;3;Clothing
483;RA-H123;Hitch Rack - 4-Bike;26;Bike Racks;4;Accessories
484;CL-9009;Bike Wash - Dissolver;29;Cleaners;4;Accessories
485;FE-6654;Fender Set - Mountain;30;Fenders;4;Accessories
486;ST-1401;All-Purpose Bike Stand;27;Bike Stands;4;Accessories
487;HY-1023-70;Hydration Pack - 70 oz.;32;Hydration Packs;4;Accessories
488;SJ-0194-S;Short-Sleeve Classic Jersey, S;21;Jerseys;3;Clothing
489;SJ-0194-M;Short-Sleeve Classic Jersey, M;21;Jerseys;3;Clothing
490;SJ-0194-L;Short-Sleeve Classic Jersey, L;21;Jerseys;3;Clothing
491;SJ-0194-X;Short-Sleeve Classic Jersey, XL;21;Jerseys;3;Clothing
492;FR-T98Y-60;HL Touring Frame - Yellow, 60;16;Touring Frames;2;Components
493;FR-T67Y-62;LL Touring Frame - Yellow, 62;16;Touring Frames;2;Components
494;FR-T98Y-46;HL Touring Frame - Yellow, 46;16;Touring Frames;2;Components
495;FR-T98Y-50;HL Touring Frame - Yellow, 50;16;Touring Frames;2;Components
496;FR-T98Y-54;HL Touring Frame - Yellow, 54;16;Touring Frames;2;Components
497;FR-T98U-46;HL Touring Frame - Blue, 46;16;Touring Frames;2;Components
498;FR-T98U-50;HL Touring Frame - Blue, 50;16;Touring Frames;2;Components
499;FR-T98U-54;HL Touring Frame - Blue, 54;16;Touring Frames;2;Components
500;FR-T98U-60;HL Touring Frame - Blue, 60;16;Touring Frames;2;Components
501;RD-2308;Rear Derailleur;9;Derailleurs;2;Components
502;FR-T67U-50;LL Touring Frame - Blue, 50;16;Touring Frames;2;Components
503;FR-T67U-54;LL Touring Frame - Blue, 54;16;Touring Frames;2;Components
504;FR-T67U-58;LL Touring Frame - Blue, 58;16;Touring Frames;2;Components
505;FR-T67U-62;LL Touring Frame - Blue, 62;16;Touring Frames;2;Components
506;FR-T67Y-44;LL Touring Frame - Yellow, 44;16;Touring Frames;2;Components
507;FR-T67Y-50;LL Touring Frame - Yellow, 50;16;Touring Frames;2;Components
508;FR-T67Y-54;LL Touring Frame - Yellow, 54;16;Touring Frames;2;Components
509;FR-T67Y-58;LL Touring Frame - Yellow, 58;16;Touring Frames;2;Components
510;FR-T67U-44;LL Touring Frame - Blue, 44;16;Touring Frames;2;Components
511;FR-M63S-40;ML Mountain Frame-W - Silver, 40;12;Mountain Frames;2;Components
512;FR-M63S-42;ML Mountain Frame-W - Silver, 42;12;Mountain Frames;2;Components
513;FR-M63S-46;ML Mountain Frame-W - Silver, 46;12;Mountain Frames;2;Components
514;RB-9231;Rear Brakes;6;Brakes;2;Components
515;SE-M236;LL Mountain Seat/Saddle;15;Saddles;2;Components
516;SE-M798;ML Mountain Seat/Saddle;15;Saddles;2;Components
517;SE-M940;HL Mountain Seat/Saddle;15;Saddles;2;Components
518;SE-R581;LL Road Seat/Saddle;15;Saddles;2;Components
519;SE-R908;ML Road Seat/Saddle;15;Saddles;2;Components
520;SE-R995;HL Road Seat/Saddle;15;Saddles;2;Components
521;SE-T312;LL Touring Seat/Saddle;15;Saddles;2;Components
522;SE-T762;ML Touring Seat/Saddle;15;Saddles;2;Components
523;SE-T924;HL Touring Seat/Saddle;15;Saddles;2;Components
524;FR-M21S-42;LL Mountain Frame - Silver, 42;12;Mountain Frames;2;Components
525;FR-M21S-44;LL Mountain Frame - Silver, 44;12;Mountain Frames;2;Components
526;FR-M21S-48;LL Mountain Frame - Silver, 48;12;Mountain Frames;2;Components
527;FR-M21S-52;LL Mountain Frame - Silver, 52;12;Mountain Frames;2;Components
528;TT-M928;Mountain Tire Tube;37;Tires and Tubes;4;Accessories
529;TT-R982;Road Tire Tube;37;Tires and Tubes;4;Accessories
530;TT-T092;Touring Tire Tube;37;Tires and Tubes;4;Accessories
531;FR-M21B-42;LL Mountain Frame - Black, 42;12;Mountain Frames;2;Components
532;FR-M21B-44;LL Mountain Frame - Black, 44;12;Mountain Frames;2;Components
533;FR-M21B-48;LL Mountain Frame - Black, 48;12;Mountain Frames;2;Components
534;FR-M21B-52;LL Mountain Frame - Black, 52;12;Mountain Frames;2;Components
535;TI-M267;LL Mountain Tire;37;Tires and Tubes;4;Accessories
536;TI-M602;ML Mountain Tire;37;Tires and Tubes;4;Accessories
537;TI-M823;HL Mountain Tire;37;Tires and Tubes;4;Accessories
538;TI-R092;LL Road Tire;37;Tires and Tubes;4;Accessories
539;TI-R628;ML Road Tire;37;Tires and Tubes;4;Accessories
540;TI-R982;HL Road Tire;37;Tires and Tubes;4;Accessories
541;TI-T723;Touring Tire;37;Tires and Tubes;4;Accessories
542;PD-M282;LL Mountain Pedal;13;Pedals;2;Components
543;PD-M340;ML Mountain Pedal;13;Pedals;2;Components
544;PD-M562;HL Mountain Pedal;13;Pedals;2;Components
545;PD-R347;LL Road Pedal;13;Pedals;2;Components
546;PD-R563;ML Road Pedal;13;Pedals;2;Components
547;PD-R853;HL Road Pedal;13;Pedals;2;Components
548;PD-T852;Touring Pedal;13;Pedals;2;Components
549;FR-M63S-38;ML Mountain Frame-W - Silver, 38;12;Mountain Frames;2;Components
550;FR-M21B-40;LL Mountain Frame - Black, 40;12;Mountain Frames;2;Components
551;FR-M21S-40;LL Mountain Frame - Silver, 40;12;Mountain Frames;2;Components
552;FD-2342;Front Derailleur;9;Derailleurs;2;Components
553;HB-T721;LL Touring Handlebars;4;Handlebars;2;Components
554;HB-T928;HL Touring Handlebars;4;Handlebars;2;Components
555;FB-9873;Front Brakes;6;Brakes;2;Components
556;CS-4759;LL Crankset;8;Cranksets;2;Components
557;CS-6583;ML Crankset;8;Cranksets;2;Components
558;CS-9183;HL Crankset;8;Cranksets;2;Components
559;CH-0234;Chain;7;Chains;2;Components
560;BK-T44U-60;Touring-2000 Blue, 60;3;Touring Bikes;1;Bikes
561;BK-T79Y-46;Touring-1000 Yellow, 46;3;Touring Bikes;1;Bikes
562;BK-T79Y-50;Touring-1000 Yellow, 50;3;Touring Bikes;1;Bikes
563;BK-T79Y-54;Touring-1000 Yellow, 54;3;Touring Bikes;1;Bikes
564;BK-T79Y-60;Touring-1000 Yellow, 60;3;Touring Bikes;1;Bikes
565;BK-T18U-54;Touring-3000 Blue, 54;3;Touring Bikes;1;Bikes
566;BK-T18U-58;Touring-3000 Blue, 58;3;Touring Bikes;1;Bikes
567;BK-T18U-62;Touring-3000 Blue, 62;3;Touring Bikes;1;Bikes
568;BK-T18Y-44;Touring-3000 Yellow, 44;3;Touring Bikes;1;Bikes
569;BK-T18Y-50;Touring-3000 Yellow, 50;3;Touring Bikes;1;Bikes
570;BK-T18Y-54;Touring-3000 Yellow, 54;3;Touring Bikes;1;Bikes
571;BK-T18Y-58;Touring-3000 Yellow, 58;3;Touring Bikes;1;Bikes
572;BK-T18Y-62;Touring-3000 Yellow, 62;3;Touring Bikes;1;Bikes
573;BK-T79U-46;Touring-1000 Blue, 46;3;Touring Bikes;1;Bikes
574;BK-T79U-50;Touring-1000 Blue, 50;3;Touring Bikes;1;Bikes
575;BK-T79U-54;Touring-1000 Blue, 54;3;Touring Bikes;1;Bikes
576;BK-T79U-60;Touring-1000 Blue, 60;3;Touring Bikes;1;Bikes
577;BK-T44U-46;Touring-2000 Blue, 46;3;Touring Bikes;1;Bikes
578;BK-T44U-50;Touring-2000 Blue, 50;3;Touring Bikes;1;Bikes
579;BK-T44U-54;Touring-2000 Blue, 54;3;Touring Bikes;1;Bikes
580;BK-R79Y-40;Road-350-W Yellow, 40;2;Road Bikes;1;Bikes
581;BK-R79Y-42;Road-350-W Yellow, 42;2;Road Bikes;1;Bikes
582;BK-R79Y-44;Road-350-W Yellow, 44;2;Road Bikes;1;Bikes
583;BK-R79Y-48;Road-350-W Yellow, 48;2;Road Bikes;1;Bikes
584;BK-R19B-58;Road-750 Black, 58;2;Road Bikes;1;Bikes
585;BK-T18U-44;Touring-3000 Blue, 44;3;Touring Bikes;1;Bikes
586;BK-T18U-50;Touring-3000 Blue, 50;3;Touring Bikes;1;Bikes
587;BK-M38S-38;Mountain-400-W Silver, 38;1;Mountain Bikes;1;Bikes
588;BK-M38S-40;Mountain-400-W Silver, 40;1;Mountain Bikes;1;Bikes
589;BK-M38S-42;Mountain-400-W Silver, 42;1;Mountain Bikes;1;Bikes
590;BK-M38S-46;Mountain-400-W Silver, 46;1;Mountain Bikes;1;Bikes
591;BK-M18S-40;Mountain-500 Silver, 40;1;Mountain Bikes;1;Bikes
592;BK-M18S-42;Mountain-500 Silver, 42;1;Mountain Bikes;1;Bikes
593;BK-M18S-44;Mountain-500 Silver, 44;1;Mountain Bikes;1;Bikes
594;BK-M18S-48;Mountain-500 Silver, 48;1;Mountain Bikes;1;Bikes
595;BK-M18S-52;Mountain-500 Silver, 52;1;Mountain Bikes;1;Bikes
596;BK-M18B-40;Mountain-500 Black, 40;1;Mountain Bikes;1;Bikes
597;BK-M18B-42;Mountain-500 Black, 42;1;Mountain Bikes;1;Bikes
598;BK-M18B-44;Mountain-500 Black, 44;1;Mountain Bikes;1;Bikes
599;BK-M18B-48;Mountain-500 Black, 48;1;Mountain Bikes;1;Bikes
600;BK-M18B-52;Mountain-500 Black, 52;1;Mountain Bikes;1;Bikes
601;BB-7421;LL Bottom Bracket;5;Bottom Brackets;2;Components
602;BB-8107;ML Bottom Bracket;5;Bottom Brackets;2;Components
603;BB-9108;HL Bottom Bracket;5;Bottom Brackets;2;Components
604;BK-R19B-44;Road-750 Black, 44;2;Road Bikes;1;Bikes
605;BK-R19B-48;Road-750 Black, 48;2;Road Bikes;1;Bikes
606;BK-R19B-52;Road-750 Black, 52;2;Road Bikes;1;Bikes
